Index,Title,Author,Likes,Comments,WordCount,Genre,Date
1,"Welcome to DestructiveReaders! New users, please read. ",flashypurplepatches,56,25,-1,meta,2018-08-23
2,[] Weekly Thread  Who talks first? You talk first? ,MKola,16,16,-1,meta,2019-10-01
3,[2868] Brave ,lahstebr,11,3,2868,scifi,2019-10-03
4,[2500] Ocean of Dreams  Kelsam 1 ,Librariyarn,7,4,2500,fantasy,2019-10-03
5,[1308] Dallas ,drowninglifeguards,6,2,1308,other,2019-10-03
6,[1040] The Order of the Bell: Phoenix (2017) ,md_reddit,3,8,1040,fantasy,2019-10-03
7,[2011] Neophyte  Excerpt B ,Neophyteexcerpt,8,9,2011,other,2019-10-02
8,[161] Nine Brazilian Brats ,_anonmouse_,8,0,161,poetry,2019-10-02
9,[1141] The Market ,sleeplessinschnitzel,7,7,1141,other,2019-10-01
10,[2665] Mama Mia Chapter 1 ,TimmehTim48,5,7,2665,other,2019-10-01
11,[2312] The Speedrunner and the Kid: CousinsContemporarydramedy ,OldestTaskmaster,9,4,2312,other,2019-10-01
12,[881] How to Change A Mind ,writingprompts1994,8,5,881,other,2019-10-01
13,[1818] The Order of the Bell: A Vision and a Reunion ,md_reddit,8,3,1818,fantasy,2019-09-30
14,"[2,581] SheMancer: Chapter One ",TempestheDragon,3,8,2581,fantasy,2019-09-30
15,[2212] Bolim Two MilesScifiThriller ,useful_idiot118,4,18,2212,other,2019-09-30
16,[1024]Samsheer ,rksomayaji,3,4,1024,other,2019-09-30
17,[808] Rerun ,vjuntiaesthetics,13,4,808,scifi,2019-09-29
18,[2125] Understanding UnderstandingFictive NonFiction ,wowdor,2,13,2125,other,2019-09-29
19,[1845] A Castle by the Sea ch1 ,xvonkleve,8,13,1845,fantasy,2019-09-28
20,[1910] Shield of the Heart Chapter 3 Part B ,MrJamesOcean,0,49,1910,other,2019-09-29
21,"[2,309] Neophyte ",Neophyteexcerpt,9,13,2309,other,2019-09-28
22,[1904] The Order of the Bell: Breakfast  Black Magic ,md_reddit,8,4,1904,fantasy,2019-09-27
23,[] Weekly Thread  Now with more weekly! ,MKola,18,73,-1,meta,2019-09-26
24,[2063] And the Roller Coaster Descends ,HorlickMinton,10,16,2063,other,2019-09-26
25,[2241] One Who Walks with the StarsSciFi ,HugeOtter,8,9,2241,other,2019-09-26
26,[1909] Shield of the Heart  Chapter 3 part A ,MrJamesOcean,4,12,1909,other,2019-09-26
27,[2448] Insta ,Henry815Gale1,8,7,2448,other,2019-09-26
28,[2416] Corinths Blade: Chapter One ,KatieEatsCats,5,7,2416,other,2019-09-26
29,[521] In the tree ,helqalluqa,12,11,521,other,2019-09-24
30,[2283] The Speedrunner and the Kid: Boss FightContemporarydramedy ,OldestTaskmaster,12,3,2283,other,2019-09-24
31,[634] Velocitas ,manbearsquirrel23,16,10,634,other,2019-09-23
32,[2740] The Conjurers Cake ,ryanwalraven,8,9,2740,fantasy,2019-09-23
33,[668] The neutral angel ,Not_So_Utopian,9,11,668,other,2019-09-22
34,[] Weekly Thread  Knowing when to stop ,MKola,17,15,-1,meta,2019-09-22
35,"[2986] The Clockmaker, Chapter OneSciFiFantasy ",SphereMyVerse,16,21,2986,other,2019-09-21
36,[1100] Regime of Kingdoms ,FreyaWrites,9,15,1100,fantasy,2019-09-21
37,[] Need a distraction? Write simple ,MKola,30,19,-1,meta,2019-09-20
38,[1985] Aljis: Starstorm  The Moth Hive ,md_reddit,6,10,1985,scifi,2019-09-20
39,"[2699] Grimsly, YA ",Maiden_14,11,9,2699,other,2019-09-20
40,[1446] Two Blinked Red ,Fawxhox,7,10,1446,other,2019-09-20
41,"[1973] Nice and Gone, Drama ",televisionmyass,3,4,1973,other,2019-09-20
42,[1887] The 188minute Man ,jcammarato,12,10,1887,other,2019-09-19
43,[882] To Joel ,a_b_quinn,7,6,882,other,2019-09-19
44,[1683] The Young Astronomer ,TheSleepyBob,12,12,1683,other,2019-09-19
45,[1916] The Order of the Bell: The Sunset Hall ,md_reddit,3,6,1916,fantasy,2019-09-18
46,[2366] The Speedrunner and the Kid: ParentsContemporarydramedy ,OldestTaskmaster,14,12,2366,other,2019-09-17
47,[514] A Reaper Came to Claim a Body Cold ,GameboyUnderPillow,11,5,514,other,2019-09-16
48,[1190] Aljis: Starstorm  Pinnacle Base ,md_reddit,6,4,1190,scifi,2019-09-16
49,[2498] This is the Last Story That I Will Ever Write About You ,vjuntiaesthetics,8,14,2498,other,2019-09-15
50,"[] Fanfic, ! Oh, and dialogue discussions ",MKola,18,24,-1,meta,2019-09-15
51,[1467] Revenant ,HoneyBadger3495,4,9,1467,horror,2019-09-15
52,[2025] Sarefs Atlas: Chapter Four ,KatieEatsCats,6,6,2025,other,2019-09-14
53,[600] personal essay ,nickeddick,3,8,600,other,2019-09-15
54,[1650] The Order of the Bell: Inferno (part 3) ,md_reddit,5,4,1650,fantasy,2019-09-14
55,[1033] Eruption ,ThePronouncer,9,9,1033,fantasy,2019-09-13
56,[738] How to Get The Most Out of Our Livesselfhelp ,writingprompts1994,3,7,738,other,2019-09-13
57,[1981] Shadowfish (Chapter 1)SupernaturalThriller ,BewareGreyGhost,11,5,1981,other,2019-09-13
58,[2271] The Tales of Sir Broderwick and His Horse Chapter 1 (part 1) ,Sir_Broderwock,14,8,2271,other,2019-09-12
59,[2929] Forlorn Hope. Part One. ,caotico09,4,10,2929,other,2019-09-12
60,"[2582] The Fatal Faith of the Wingcats, part 1 ",Soul_Knife,11,9,2582,fantasy,2019-09-12
61,[2219] The Perihelion  Zaydah discovers her heritage ,janicelikesstuff,4,3,2219,fantasy,2019-09-12
62,[1699] The Center ,_writer_,7,10,1699,scifi,2019-09-11
63,[1677] The Order of the Bell: Inferno (part 2) ,md_reddit,7,2,1677,fantasy,2019-09-11
64,[1512] The Harvin Files PROLOGUEYoung AdultMysteryHorror ,machelrann,8,9,1512,other,2019-09-11
65,[2374] The Speedrunner and the Kid: Monica (Redone)Contemporarydramedy ,OldestTaskmaster,8,8,2374,other,2019-09-10
66,[1323] Martha (1st Chapter Revised) ,SpiralBoundNotebook,8,7,1323,contemporary,2019-09-10
67,[287] Query for Bloodwood Summer ,disastersnorkel,8,7,287,other,2019-09-10
68,[2602] Blue Waters ,Apythicus,2,3,2602,other,2019-09-11
69,[810] The Roads to Chaos ,jestave,7,6,810,fantasy,2019-09-10
70,[2350] Remnants of the Sun  Chapter 1 ,KS_Fitzpatrick,8,13,2350,other,2019-09-09
71,[2368] HIGH SOUTHPART 15: YULE NIGHTSouthernfried Paranormal Detective Story ,jsran,11,11,2368,other,2019-09-09
72,[2862] Mistreated  Chapter 4  (Originally titled Trouble In Havana) ,Double2k,5,6,2862,other,2019-09-09
73,[816] Airport Hotel ,OldestTaskmaster,15,22,816,other,2019-09-07
74,[2780] Quarters ,favouredzpv,10,8,2780,other,2019-09-07
75,[1289] City Under Dark ,AmbitiousEmu,0,3,1289,other,2019-09-08
76,[1298] The Order of the Bell: Inferno (part 1) ,md_reddit,5,7,1298,fantasy,2019-09-07
77,[] Scene transitions as easy as night and day ,MKola,10,20,-1,meta,2019-09-07
78,[1189] Karthun Dur   ,jestave,7,4,1189,fantasy,2019-09-07
79,[1189] Blind Drunk (IncompleteRevised) ,Diki,11,5,1189,horror,2019-09-07
80,[1146] The Violet Sea ,GenericName0099,4,2,1146,fantasy,2019-09-06
81,[1413] Red Ink and Black ,ohtheyearwas1775,5,14,1413,other,2019-09-06
82,[2721] The Lady of the Mark  Chapter 3 Part 1 ,Opals22juno,4,1,2721,fantasy,2019-09-06
83,[3635] HIGH SOUTHPART 14: GOOFER POWDER  KITCHEN WITCHESSouthernfried Paranormal Detective Story ,jsran,11,13,3635,other,2019-09-05
84,"[2276] Djoyuna: The Girl from the Temple (working title), Chapter 3 Part 2 ",JhonnyCDseed,3,14,2276,literary,2019-09-05
85,"[3,951] Devils AmenShort Story Dystopia ",DanRojas1,10,19,3951,other,2019-09-05
86,[890] Silent Screams ,jcammarato,5,29,890,other,2019-09-05
87,[640] Nietzsche  How to Get The Most Out of Life ,writingprompts1994,6,22,640,other,2019-09-05
88,Aspiring Teenage Actress in a Deadend British Seaside Town [1352] ,SpiralBoundNotebook,16,11,1352,contemporary,2019-09-04
89,[4166] Shield Of The Heart  Chapter 2 ,MrJamesOcean,1,26,4166,other,2019-09-05
90,[2416] The Speedrunner and the Kid: MonicaContemporarydramedy ,OldestTaskmaster,5,9,2416,other,2019-09-04
91,[746] Finding Argentina in a Bowl of Locro ,circlesnstories,8,14,746,other,2019-09-03
92,[1613] The Order of the Bell: Infernos Prelude ,md_reddit,6,10,1613,fantasy,2019-09-03
93,[2598] HIGH SOUTHPART 13: HOOSEGOWSouthernfried Paranormal Detective Story ,jsran,9,11,2598,other,2019-09-02
94,[1325] Technicoeur ,sleeplessinschnitzel,7,2,1325,other,2019-09-02
95,[1899] My Dog ,SomewhatSammie,5,12,1899,contemporary,2019-09-01
96,[2981] Sarefs Atlas: Chapter Three ,KatieEatsCats,4,3,2981,other,2019-09-01
97,[841] Arlet ,arletgrey,6,3,841,fantasy,2019-09-01
98,[1160] Prologue: the Vanir ,FFWindchaser,6,10,1160,fantasy,2019-08-31
99,"[4228] Djoyuna: The Girl from the Temple (working title), Chapter 3 Part 1 ",JhonnyCDseed,5,10,4228,literary,2019-08-31
100,[917] How to Get the Most Out of Life ,writingprompts1994,10,9,917,other,2019-08-30
101,"[2,543] Crone, Wolf, and Crow ",Therealtylerwickett,17,19,2543,other,2019-08-30
102,[] Weekly Comment Thread  Now that would be a beautiful death ,MKola,5,20,-1,meta,2019-08-30
103,[1060] How to Become a Stone Fruit ,WhichxWitch,5,10,1060,fantasy,2019-08-29
104,[1858] The Unladylike Chapter 2 ,ltdeltrice,6,5,1858,other,2019-08-29
105,[141] Just A Little While Longer ,brisualso,11,9,141,flash,2019-08-28
106,[1770] Novena ,paisan334,3,12,1770,other,2019-08-28
107,[949] Princess Snow Must Die ,I_am_number_7,8,6,949,fantasy,2019-08-27
108,"[1011] Hong Kong, The Ghost, and The Mongrel ",karma_inchoate,10,7,1011,other,2019-08-27
109,[1082] REWRITE The Aphotic ,Steadfastbagel,4,5,1082,other,2019-08-27
110,[548] Untitled Horror ,novawentberserk,9,20,548,other,2019-08-26
111,[112] Crash LandingScifi Microfiction ,TomatoChunks,3,5,112,other,2019-08-26
112,[824] Diary of an 18 year old ,boi29492,6,12,824,other,2019-08-26
113,[1830] The Order of the Bell: Night of the Witch ,md_reddit,12,12,1830,fantasy,2019-08-26
114,[880] The legend of the damned treasure SYNOPSISFantasyAdventure ,SaraAnastasia,6,6,880,other,2019-08-24
115,[826] Khalyla 2 ,drowninglifeguards,14,15,826,other,2019-08-23
116,"[2912] The Wickwire Estate Case, part 2SupernaturalFuture ",md_reddit,7,5,2912,other,2019-08-23
117,[2297] The Speedrunner and the Kid: World RecordContemporarydramedy ,OldestTaskmaster,10,15,2297,other,2019-08-23
118,[3143] Unnamed MedievalFantasy Court Drama: Chapter OneFantasyDrama ,sw85,7,12,3143,other,2019-08-23
119,[1098] An American Sucker (Rebooted) Part 1 ,writesdingus,14,12,1098,other,2019-08-23
120,[2438] Trouble In Havana  Chapter 3  False Memories (Potential new title  A Sinful Recovery) ,Double2k,5,1,2438,other,2019-08-23
121,[150] Mom ,Rxer4,22,15,150,other,2019-08-23
122,[META] Weekly comment thread Tools and Critiques ,novawentberserk,17,64,-1,meta,2019-08-22
123,[60] ,ldonthaveaname,9,9,60,other,2019-08-22
124,[2040] The Unladylike Chapter 1 part 1 ,ltdeltrice,3,16,2040,other,2019-08-22
125,[1492] Breach in Containment ,-Earthlinger,11,11,1492,other,2019-08-21
126,[3648] The Aphotic ,Steadfastbagel,5,17,3648,other,2019-08-21
127,[75] Favorite ,Rxer4,29,57,75,other,2019-08-21
128,[3626] Untitled Novel chapters 1 and 2Scifi Fantasy ,JhonnyCDseed,5,31,3626,other,2019-08-21
129,[2159] The Order of the Bell: A Meeting At The Motherhouse ,md_reddit,3,2,2159,fantasy,2019-08-21
130,[1521] A Cripple in the Apocalypse ,Jraywang,8,17,1521,other,2019-08-20
131,[892] ThirtyNine ,JordyOnReddit,7,8,892,other,2019-08-20
132,[3653] Sarefs Atlas: Chapter Two ,KatieEatsCats,8,9,3653,other,2019-08-20
133,[1294] Full Ratchet  Chapter 1 ,ascii_nemi_szervek,1,4,1294,thriller,2019-08-21
134,[111] The Gray Man of Smoke and Shadows ,Tsierus,4,15,111,horror,2019-08-20
135,[3333] An Unexpected Request (after being revised and heavily edited) ,I_am_a_writer_bro,3,8,3333,fantasy,2019-08-20
136,[2391] The Inbound Sales Funnel ,BennyDelSur,4,6,2391,other,2019-08-20
137,[2645] Possessive ,writesdingus,6,5,2645,other,2019-08-19
138,[2009] Red Skies Chapter 12 (12) ,sleeppeaceably,9,1,2009,scifi,2019-08-18
139,"[2835] The Wickwire Estate Case, part 1SupernaturalFuture ",md_reddit,7,18,2835,other,2019-08-18
140,[2286] Mila Turley (working title)  Chapter 1  Mystery ,Patriek01,4,40,2286,other,2019-08-18
141,[2879] PartTime ,LebronSteinbeck,5,10,2879,fantasy,2019-08-18
142,[1573] Another Life After Life ,brisualso,9,13,1573,other,2019-08-17
143,[2356] Blind Drunk ,Diki,5,25,2356,horror,2019-08-17
144,[2190] The Lady of the Mark  chapter 1 ,Opals22juno,11,9,2190,fantasy,2019-08-17
145,[3058] Havana Chapter 2  Guitar Shops and Shallow Streams  Revised ,Double2k,7,9,3058,other,2019-08-17
146,[3132] Atmos  Chapter 1 ,ThePronouncer,10,12,3132,fantasy,2019-08-16
147,[2111] The Panacea ProjectDystopianScifi ,Knot4prophets,8,6,2111,other,2019-08-16
148,[4403] A Thanksgiving  ,JGPMacDoodle,4,9,4403,other,2019-08-16
149,"[2108] You Remember the Sayers, Dont You? ",hideousmess,6,4,2108,other,2019-08-16
150,"[2945] Data, Driven  Chapter 1 ",ascii_nemi_szervek,7,24,2945,thriller,2019-08-16
151,[3479] The Garwolf: Part II ,SugarySage,10,4,3479,other,2019-08-15
152,[2317] The Speedrunner and the Kid: RescueContemporarydramedy ,OldestTaskmaster,14,16,2317,other,2019-08-14
153,[] Weekly Comment Thread  Youre Doing It Wrong ,MKola,20,58,-1,meta,2019-08-13
154,[1936] Trouble In Havana  Chapter 2 (Part 1)  Guitar Shops and Shallow StreamsDramaThriller(Eventually) ,Double2k,5,2,1936,other,2019-08-14
155,[1326] Chapter 6  Sloth ,anienham,7,7,1326,crime,2019-08-13
156,[767] The Cove ,gwenchilada3,4,25,767,other,2019-08-13
157,[3954] The Garwolf: Part I ,SugarySage,7,10,3954,fantasy,2019-08-13
158,[1192] Rudo: The Ice City ,md_reddit,9,10,1192,fantasy,2019-08-13
159,[511] Autumnal ,longarmlenny,11,24,511,other,2019-08-12
160,[3007] The Cableman from Hell ,IKindredEsquire,8,12,3007,other,2019-08-12
161,[3394] Sarefs Atlas: Chapter One ,KatieEatsCats,4,11,3394,other,2019-08-12
162,[417] The Fig Tree ,MoDaSilva,6,6,417,other,2019-08-12
163,[1920] Family Portraits ,Ireallyhatecheese,4,9,1920,contemporary,2019-08-12
164,[2570] Havana Chapter 01Drama  eventually thriller ,Double2k,1,7,2570,other,2019-08-11
165,[507] A Tale of Hastir: Winter Child ,DamilNR09,12,21,507,other,2019-08-11
166,[650] She WolfScifi Horror ,I_am_number_7,7,9,650,other,2019-08-10
167,[229] Luzon  (Draft I dont even know anymore) ,protagonistanother,6,6,229,query,2019-08-10
168,[684] The Dream Sequence ,HenanNow,6,4,684,horror,2019-08-10
169,[1648] The Order of the Bell: A Call For Help ,md_reddit,7,8,1648,fantasy,2019-08-10
170,[208] Car Doors ,_anonmouse_,3,4,208,contemporary,2019-08-09
171,[1912] The Nightmare ,thatkittymika,10,6,1912,fantasy,2019-08-09
172,[1200] Dallas ,drowninglifeguards,7,14,1200,other,2019-08-09
173,[1145] Captured (Acts as short story and possible chapter for book currently in rewriting Havana)ThrillerTorture ,Double2k,3,7,1145,other,2019-08-09
174,[1974] An American Sucker ,writesdingus,9,16,1974,other,2019-08-08
175,[215] Memoir Query  Its Complicated ,kylefournier,6,8,215,other,2019-08-08
176,[4430] The Power of the Dollar ,mydadsnameisharold,3,39,4430,horror,2019-08-08
177,[1838] My Final GirlShort StoryFiction ,maychi,8,20,1838,other,2019-08-08
178,[WEEKLY] Aug 7th. Post music! Genre constraints? Pros and cons. ,GlitchHippy,9,29,-1,meta,2019-08-07
179,[3758] Barcelona  Into the mystery of CataloniaTravelGonzo ,infinitepaths,11,16,3758,other,2019-08-07
180,[2100] Red Skies Part 2 Chapter 1SCIFI ,sleeppeaceably,3,13,2100,other,2019-08-07
181,[1191] The Order of the Bell: Class Dismissed ,md_reddit,11,7,1191,fantasy,2019-08-07
182,[1203] Workers Unite!SciFi ,magiche4d,10,4,1203,other,2019-08-05
183,[3325] Mary ,MarDashino,9,6,3325,crime,2019-08-05
184,[632] A Knights ElegyFantasy Medieval flash fiction ,DamilNR09,9,9,632,other,2019-08-05
185,[2035] Summer of the Locust 1 ,RustyMoth,15,8,2035,other,2019-08-04
186,[1979] The Order of the Bell  Back To School ,md_reddit,8,6,1979,fantasy,2019-08-04
187,[1064] Critique on bar fight scene in first attempt at novel ,Double2k,5,7,1064,other,2019-08-04
188,[2080] The Speedrunner and the Kid: Heart to HeartContemporarydramedy ,OldestTaskmaster,18,12,2080,other,2019-08-03
189,[862] WinterbornScifi ,I_am_number_7,4,19,862,other,2019-08-03
190,"[2719] Light Hands, Part 2Extrasaucy postapocalyptic bullshit ",PistolShrimpGG,8,6,2719,other,2019-08-03
191,"[3,972] False Stories ",Writer021997,0,8,3972,other,2019-08-03
192,[2432] Chapter 1: Spaghetti and San Miguel ,protagonistanother,12,11,2432,other,2019-08-02
193,[2055] The Order of the Bell: A Day At Mephistos ,md_reddit,8,5,2055,fantasy,2019-08-02
194,[1048] Khalyla ,drowninglifeguards,7,12,1048,other,2019-08-01
195,[393] Forest ,writingthrow321,6,10,393,other,2019-08-01
196,[741] Short ,deleted,5,7,741,other,2019-08-01
197,"[4222] Harvest Night, Chapter 1 ",dpfw,7,10,4222,fantasy,2019-08-01
198,[280] Novel Query  The MineMysterySpeculative Fiction ,dm_hell_yes,6,4,280,other,2019-07-31
199,[1866] What Lies Beyond the Sea (second half) ,Cornsnake5,12,5,1866,fantasy,2019-07-31
200,[1661] Pub of Ways Lost  PrologueChapter 1 ,Gaudlas,7,5,1661,fantasy,2019-07-31
201,[1109] Empty ,vinnysalami,13,6,1109,other,2019-07-30
202,[152] how she learned patience (a poem) ,lime_pies,2,7,152,other,2019-07-30
203,[2500] HalfLitHorror  Literary Short Story ,Kid_Detective,11,5,2500,other,2019-07-30
204,[] Weekly Comment Thread  Edify me ,MKola,14,49,-1,meta,2019-07-30
205,[2015] Into the Eye Part 2Scifi ,Jwil408,11,16,2015,other,2019-07-30
206,[829] or planets. ,hideousmess,4,21,829,other,2019-07-29
207,[2070] What Lies Beyond the Sea ,Cornsnake5,3,12,2070,fantasy,2019-07-29
208,"[2324] Light Hands, Part 1Postapocalyptic bullshit ",PistolShrimpGG,7,25,2324,other,2019-07-28
209,[2587] The Valley of the Nymphs (Excerpt from First Chapter) ,MerakiKosmos,6,12,2587,other,2019-07-27
210,[674] Birth of a Species Chapter 10 ,kandine,5,3,674,fantasy,2019-07-27
211,"[1] Brag Post, aka Things do get Published Sometimes ",sofarspheres,50,13,1,other,2019-07-26
212,[571] Scene AB Notes ,_anonmouse_,6,1,571,contemporary,2019-07-26
213,OH Look AnOTHeR UnNeEdEd FeEDbAcK SuB YoUlL bE gOnE iN tHrEE MonThS JUst LiKe tHe lAsT DozEN ,GlitchHippy,80,52,-1,meta,2019-07-25
214,[1974] Into the Eye Part 1SciFi ,Jwil408,4,5,1974,other,2019-07-26
215,[450] The Prayer in the Swamp ,Suriel_Lunar,4,5,450,fantasy,2019-07-26
216,[2793] Killers Kidney ,Diki,12,18,2793,horror,2019-07-25
217,[573] The Bogsuspensehorror ,sophiealicebear,4,6,573,other,2019-07-25
218,[2453] The Three GeniesFantasyFable ,LiquidBeagle,6,18,2453,other,2019-07-25
219,[2168] The Speedrunner and the Kid: Line in the SandContemporarydramedy ,OldestTaskmaster,11,18,2168,other,2019-07-24
220,[1669] Edward Runs Over a Bird. Chapter 1. A Gotham Fan fiction with Edward Nygma and Oswald Cobblepot. ,MinnieMeTheEpicMouse,3,9,1669,other,2019-07-24
221,[2108] Let God Sort em Out (Chapter 1 expanded)Murder Mystery  War ,TheManWhoWas-Tuesday,10,8,2108,crime,2019-07-24
222,[384] Birth of a species ,kandine,5,11,384,fantasy,2019-07-23
223,[879] The Grey Sentinels ,Suriel_Lunar,3,10,879,fantasy,2019-07-23
224,[934] The Part About A Dickensian Zombie Novel And Where Leonard Finds Out Theres Been A Murder ,lolspeakshow,9,4,934,other,2019-07-23
225,[] Weekly Comment Thread  Ready for my closeup Mr. DeMille ,MKola,12,59,-1,meta,2019-07-22
226,[269] Luzon ( Letter) ,protagonistanother,3,2,269,query,2019-07-22
227,[689] Let God Sort em Out (Ending) ,TheManWhoWas-Tuesday,9,14,689,crime,2019-07-22
228,[872] Evil Lives on Aisle Five ,brown_bear13,8,5,872,horror,2019-07-21
229,[561] First Memory ,I_am_number_7,5,4,561,other,2019-07-21
230,[1131] An Accident ,Own_worst_critic,8,10,1131,other,2019-07-21
231,[3437] Edward Runs Over a Bird. Chapters 1 and 2. A Gotham fanfiction with Edward Nygma and Oswald Cobblepot. ,MinnieMeTheEpicMouse,0,8,3437,other,2019-07-21
232,[1158] Hunting Trip ,I_am_number_7,6,14,1158,horror,2019-07-21
233,[1800] Inner Focus Detectives (lol Pokemon Fan fiction) ,WatashiwaAlice,16,16,1800,other,2019-07-20
234,[1881] The Bunnys to Blame ,Jraywang,7,5,1881,fantasy,2019-07-20
235,[2410] Funk ,greyjonesclub,16,19,2410,contemporary,2019-07-20
236,[739]Memory CartridgeSciFi ,Valavenus,8,5,739,other,2019-07-19
237,[1389] A story about a girl who is either crazy or cursed by a cathulu cult you decide ,plain-white-sauce,21,22,1389,other,2019-07-18
238,[2187] Hunt for Deaths Queen (Chapter 2) ,Goldsaver,6,4,2187,fantasy,2019-07-19
239,[2081] When Fishes Drown ,Cornsnake5,7,6,2081,horror,2019-07-18
240,[1442] A Cold Night ,md_reddit,4,9,1442,fantasy,2019-07-18
241,[783] The Call ,tylerjfrancke,3,1,783,other,2019-07-18
242,[2076] The StructureSciFi ,imrduckington,3,17,2076,other,2019-07-18
243,[577] The Kursk ,AnguaVU,12,6,577,other,2019-07-18
244,[2899] A Time of Monsters ,wrizen,10,7,2899,fantasy,2019-07-17
245,"[1,330] Proem ",OneillS99,9,4,1330,other,2019-07-16
246,[783] Into the Eye (intro) ,Jwil408,8,8,783,scifi,2019-07-16
247,[1389] Welcome to the Worlds Happiest NationsNonfiction ,Hyperungen01,12,7,1389,other,2019-07-15
248,[2994] The Horses on a Thousand Hills ,ASingleDarkThread,13,6,2994,other,2019-07-15
249,[525] Darrol: The Dream ,md_reddit,6,13,525,ya,2019-07-15
250,[] Weekly Community Post ,flashypurplepatches,4,29,-1,meta,2019-07-15
251,[1655] Let God Sort Em Out ,TheManWhoWas-Tuesday,8,8,1655,crime,2019-07-15
252,[5404] I Matched With my Therapist on Tinder ,Writer021997,6,12,5404,other,2019-07-15
253,"[4178] Youre in Moscow, mister. REWRITE 1PostApocalyptic (RUSSIAN STYLED...AGAIN) ",EyeFigured,14,18,4178,other,2019-07-14
254,[1994] The Speedrunner and the Kid: MomContemporarydramedy ,OldestTaskmaster,8,7,1994,other,2019-07-14
255,[841] Grey Space ,novawentberserk,20,21,841,other,2019-07-14
256,[1700] Eternal Night ,brown_bear13,11,12,1700,horror,2019-07-13
257,[3746] Atomic Marbles ,JGPMacDoodle,6,5,3746,other,2019-07-13
258,[270] They pray ,posthocethics,4,2,270,other,2019-07-13
259,[513] TEE001: The Heart ,Page_Stainer,11,4,513,other,2019-07-12
260,"[3,287] Lines ",OneillS99,6,3,3287,other,2019-07-12
261,[2635] Betrayed ,Bossobee143,5,4,2635,other,2019-07-12
262,[1068] For When the City Falls ,goldenclover179,18,17,1068,other,2019-07-12
263,[2316] Chapter 1 of untitled YA Highschool Fic ,AlyKat16,8,9,2316,ya,2019-07-12
264,[1005] A Midsummer Night in Suburbia (Excerpt) Draft 1. ,Valkrane,9,4,1005,other,2019-07-12
265,[2720] Chapter 4: The Archduke ,ASingleDarkThread,6,6,2720,fantasy,2019-07-12
266,[3577] The Ceryneian Hind Part 2 ,Jwil408,6,7,3577,scifi,2019-07-12
267,[2766] The climber (revised) ,ValuableBear,10,2,2766,other,2019-07-11
268,[1505] Darrol: At The Academy ,md_reddit,6,5,1505,ya,2019-07-11
269,[1006] Let God Sort em OutMurder Mystery  War ,TheManWhoWas-Tuesday,10,14,1006,crime,2019-07-10
270,[1314] Wolves ,Mikey2104,7,12,1314,other,2019-07-10
271,[2187] The Speedrunner and the Kid: WeekendContemporarydramedy ,OldestTaskmaster,10,19,2187,other,2019-07-10
272,[1334] Chapter 3: Parting Gifts ,ASingleDarkThread,4,8,1334,fantasy,2019-07-10
273,[1132] The Call (Horror Flash Fiction)HorrorShort Story ,tylerjfrancke,1,10,1132,other,2019-07-10
274,[1504] Project AdamScifi ,CandyLich,10,7,1504,other,2019-07-09
275,[3207] The Ceryneian Hind Part 1 ,Jwil408,3,5,3207,scifi,2019-07-10
276,"[3673] The Legacy of Rizos (NonHuman, Monster POV) ",caotico09,4,5,3673,fantasy,2019-07-09
277,[4167] The Man in Your Clothes ,greyjonesclub,9,6,4167,contemporary,2019-07-09
278,[1577] The Order of the Bell: Bangkok (2018) ,md_reddit,9,4,1577,fantasy,2019-07-09
279,[1981] Hunt for Deaths QueenChapter 1 ,Goldsaver,5,4,1981,fantasy,2019-07-09
280,Holy cow. Look at this NSA nonsense ,WatashiwaAlice,18,13,-1,meta,2019-07-08
281,[855] Silver Star Shorts  Derek (Revised) ,LordJorahk,5,4,855,cyberpunk,2019-07-08
282,[2590] The Greenclad Woman (Part 2) ,PocketOxford,6,13,2590,horror,2019-07-08
283,[1326] Blessing in a Bun ,water_that_is_dark,5,8,1326,contemporary,2019-07-08
284,[905] Even Steven (Placeholder Title) ,bearfist69,8,6,905,other,2019-07-08
285,"[1838] why the truth cuts, nonfiction personal essaynonfiction personal essay ",sdnorton,5,6,1838,other,2019-07-07
286,[2326] The Warlors Gamble  Part 4 of 4 ,oo00Linus00oo,7,6,2326,other,2019-07-06
287,[2063] Firedrake chapter 2  part 1 ,Blecki,5,4,2063,ya,2019-07-06
288,[1110] A Fathers Boy (placeholder name) ,ShadowGirl3000,11,29,1110,crime,2019-07-06
289,[2393] Chapter 2: The Apple and the Tree ,ASingleDarkThread,8,13,2393,fantasy,2019-07-06
290,[] Weekly Comment Thread  Staycation is not a thing. ,MKola,13,51,-1,meta,2019-07-06
291,[3584]   Ch. 1 Rewrite ,ThePronouncer,12,12,3584,ya,2019-07-05
292,"[3217] Youre in Moscow, mister.PostApocalyptic (RUSSIAN STYLE BABY) ",EyeFigured,17,13,3217,other,2019-07-05
293,[1094] Untitled SceneFiction. Thanks :) ,sismetic,9,6,1094,other,2019-07-04
294,[2730] The burning ,AdansoniaZa,5,6,2730,other,2019-07-04
295,wait where is the weekly ,WatashiwaAlice,7,3,-1,other,2019-07-04
296,[1540] The Warlords Gamble  Part 3 of 4 ,oo00Linus00oo,4,4,1540,other,2019-07-04
297,[527] To Keep an Excuse ,goodlongtime,7,3,527,other,2019-07-03
298,[2324] Mirrors ,brown_bear13,8,7,2324,horror,2019-07-03
299,[1000] Behind the Looking Glass ,NebulousNib,8,9,1000,other,2019-07-03
300,[2840] Firedrake  Chapter 1  Part 2 ,Blecki,8,14,2840,ya,2019-07-03
301,[548] Colorblind ,posthocethics,10,13,548,fantasy,2019-07-03
302,[2417] The climber ,ValuableBear,7,8,2417,other,2019-07-03
303,[1876] A Deer of the Wall ,maychi,8,7,1876,other,2019-07-01
304,[2553] Transfiguration ,lordleycester,9,3,2553,other,2019-07-01
305,[1325] Stinking Pup ,Guavacide,7,9,1325,other,2019-07-01
306,[2497] The Ritual ,WriteDepressionAway,3,17,2497,fantasy,2019-06-30
307,[2445] Firedrake Chapter 1  part 1 ,Blecki,7,14,2445,ya,2019-06-30
308,[] PROTIP: You can assign yourself user flair by looking somewhere on the sidebar for your username and hitting the check mark and then double clicking the text box to edit. ,WatashiwaAlice,10,10,-1,meta,2019-06-30
309,[1961] The Warlords Gamble  Part 2 ,oo00Linus00oo,6,6,1961,other,2019-06-30
310,[622] The cats tail ,GretelM,7,6,622,other,2019-06-30
311,[1046] Excerpt from Dark Revelations ,bimmerboy3,9,6,1046,other,2019-06-29
312,[] Weekly Comment Thread  Where Are They Now? ,novawentberserk,20,31,-1,meta,2019-06-28
313,"[106] In Loving Memory, obituary for Harold Maria ",mydadsnameisharold,17,14,106,other,2019-06-28
314,[1533] The Order of the Bell: Alex  Claire ,md_reddit,4,15,1533,fantasy,2019-06-29
315,[1775] Slaves of Illusion: Chapter V ,Mongol_Diplomat,4,5,1775,fantasy,2019-06-29
316,[1020] The Beasts ,cora17,3,4,1020,other,2019-06-29
317,[2594] The Meaning of Red (formerly The Inquisitor) ,ASingleDarkThread,14,11,2594,other,2019-06-28
318,[3421] The Hatchet ,acrt86,10,4,3421,other,2019-06-28
319,[1482] The Event: Rob ,nullescience,10,3,1482,superhero,2019-06-27
320,[494] Exerpts from Smile ,GoluxExThrowaway,4,4,494,other,2019-06-27
321,[809] Silver Star Shorts  Derek ,LordJorahk,5,9,809,cyberpunk,2019-06-26
322,[3009] The Warlords Gamble  Part 1 of 4 ,oo00Linus00oo,7,12,3009,other,2019-06-26
323,[2101] The Order of the Bell: Preparations ,md_reddit,9,3,2101,fantasy,2019-06-26
324,"[1498] Deaths of Despair, nonfiction , working title ",sdnorton,11,10,1498,other,2019-06-25
325,[3809] HIGH SOUTH  PART 10: MAN IN THE IRON MAIDENSouthernfried Paranormal Detective Story ,jsran,15,20,3809,other,2019-06-25
326,"[2276] Pressure, a Superhero Story ",Jraywang,9,19,2276,other,2019-06-24
327,[949] The Event: Aiko ,nullescience,3,6,949,superhero,2019-06-25
328,[3674] First Chapter of my First Novel ,LRNBot,15,10,3674,fantasy,2019-06-24
329,[2764] Longhua Living ,favouredzpv,7,10,2764,cyberpunk,2019-06-24
330,[1503] Aljis: Pinnacle Point ,md_reddit,8,14,1503,scifi,2019-06-23
331,[2077] The Speedrunner and the Kid: Volcano TempleContemporarydramedy ,OldestTaskmaster,8,20,2077,other,2019-06-23
332,[1930] Can I Get A Zombie?Urban FantasyComedy ,thatkittymika,7,8,1930,other,2019-06-23
333,[3660] Redemption at Jefferson High ,SugarFreeTsunami,7,6,3660,other,2019-06-23
334,[2240] Chapter 1: The Inquisitor ,ASingleDarkThread,12,20,2240,other,2019-06-22
335,TheyThemTheir [2976]LGBTQ Fiction ,Derptopian,1,1,2976,other,2019-06-23
336,[2377] HIGH SOUTHPART 9: BANESSouthernfried Paranormal Detective Story ,jsran,11,6,2377,other,2019-06-22
337,[594] The Orb of Arcus ,Raskir54,4,8,594,other,2019-06-22
338,[3373] Its a Matter of Delivering Pizza ,favouredzpv,8,18,3373,cyberpunk,2019-06-21
339,[] Weekly Comment Thread  The World in which Our Characters Live ,MKola,7,14,-1,meta,2019-06-21
340,[2283] The Order of the Bell: To The Wolves ,md_reddit,4,4,2283,fantasy,2019-06-21
341,[1420] A Brothers War ,wrizen,7,12,1420,other,2019-06-20
342,[2700] Prologue: The Miracle at Behezor ,ASingleDarkThread,11,12,2700,other,2019-06-20
343,[2347] The Question of You ,Hakimwithadream,10,7,2347,scifi,2019-06-20
344,[2289] HIGH SOUTHPART 8: BLACK BREAD FOR CHRISTMASSouthernfried Paranormal Detective Story ,jsran,10,4,2289,other,2019-06-19
345,[2852]Ashmire V.2 ,nickrashell,8,13,2852,other,2019-06-19
346,"[2310] Hastark Chronicles, Chapter 1, part 1 ",Parakoto,8,10,2310,other,2019-06-19
347,[3121] Once We Were GodsSciFi ,kaanfight,1,4,3121,other,2019-06-19
348,[3969] Frisson 4  The Neon Snake ,GoluxExThrowaway,11,9,3969,other,2019-06-17
349,[515] All Dogs Go To Heaven ,eddie_fitzgerald,8,31,515,other,2019-06-17
350,[2313] The Order of the Bell: The Calm Before The Storm ,md_reddit,6,8,2313,fantasy,2019-06-16
351,[2315] HIGH SOUTHPART 7: OUTSIDE INFLUENCESSouthernfried Paranormal Detective Story ,jsran,16,12,2315,other,2019-06-16
352,[2797] Emily HumanYA scifi ,encennash,19,14,2797,other,2019-06-14
353,[799] Day ZeroSciFi ,StoneDoorsAre,9,14,799,other,2019-06-14
354,[289] Demigod ,crazyangelicvamp,7,10,289,fantasy,2019-06-14
355,[] Weekly Comment Thread  Development through Drafting ,MKola,13,26,-1,meta,2019-06-13
356,[2477] THE HIGH SOUTH: PART 6Southernfried Paranormal Detective Story ,jsran,13,15,2477,other,2019-06-13
357,[2038] The Speedrunner and the Kid: Friends and FamilyContemporarydramedy ,OldestTaskmaster,8,7,2038,other,2019-06-13
358,[1098] Ashmire Part One ,nickrashell,6,7,1098,other,2019-06-13
359,[1649] Red Skies Chapter 10 ,sleeppeaceably,5,7,1649,scifi,2019-06-13
360,[1748] How Distant Planets get Names ,asromta,17,25,1748,other,2019-06-11
361,[2105] The Order of the Bell: Meeting Mephisto ,md_reddit,6,8,2105,fantasy,2019-06-11
362,[1596] Legalia (Working Title) ,wrizen,13,10,1596,other,2019-06-11
363,[2671] Perversion 2Scifi Adventure ,RustyMoth,4,7,2671,other,2019-06-11
364,[663] Gods below ,duttish,14,10,663,historical,2019-06-09
365,[1986] Perversion 1Scifi Adventure ,RustyMoth,16,25,1986,other,2019-06-09
366,"[2758] Pressure, a Superhero Story CH 45.5 ",Jraywang,6,5,2758,other,2019-06-08
367,[694] The Bug ,shamanflux,8,11,694,fantasy,2019-06-08
368,[490] Baptism ,igghh,6,5,490,other,2019-06-08
369,[2159] Copy of a Copy ,Juniperjessy,6,8,2159,other,2019-06-08
370,[318] Mamas Helpers ,aspiringcadaver,11,6,318,flash,2019-06-07
371,[1846] The Order of the Bell: A Trip Into Town ,md_reddit,10,3,1846,fantasy,2019-06-07
372,WOOLOO GANG 8  8 ,WatashiwaAlice,9,14,-1,meta,2019-06-07
373,[2077] The Meeting ,lanniepoo,17,10,2077,other,2019-06-06
374,[4598] Xi ,biolexicon,7,8,4598,other,2019-06-06
375,[2152] The soul blade (Continuation) ,Driosa,5,13,2152,other,2019-06-06
376,[] Weekly Community Thread  What are words? ,MKola,13,41,-1,meta,2019-06-06
377,[272] He Once Held Her Hand ,igghh,6,5,272,other,2019-06-06
378,"[2007] Contact, chapter 1 ",Parakoto,6,18,2007,other,2019-06-05
379,"[1378] Pressure, a Superhero Story ",Jraywang,17,6,1378,other,2019-06-04
380,"[17] A small, cliche quote ",CypherDoubleShot,5,14,17,other,2019-06-05
381,[603] How does prey hide? ,GiggleSquid_,0,4,603,other,2019-06-05
382,[2682] A Handful Of Stars Chapter One  2nd Draft ,thatkittymika,21,15,2682,ya,2019-06-04
383,[1930] The Order of the Bell: Scottsdale (2017) ,md_reddit,7,16,1930,fantasy,2019-06-03
384,[1074] Spaces ,chinsman31,7,6,1074,contemporary,2019-06-02
385,[741] Death Knell (Prologue) ,TalketyTalketyTalk,12,12,741,fantasy,2019-06-02
386,[1080] April: Chapter One ,JacuzziFTW,9,8,1080,fantasy,2019-06-01
387,[546] The man ,ArtisticPineapple11,7,15,546,horror,2019-06-01
388,[497] Mirror Water  Draft 3   ,BanditTraps,3,6,497,flash,2019-06-01
389,[862] Short Intro for Untitled Work ,Ms_Writer,7,8,862,fantasy,2019-05-31
390,[2217] The Speedrunner and the Kid: HomeworkContemporarydramedy ,OldestTaskmaster,7,12,2217,other,2019-05-31
391,[1250] Mooks  Chapter 1 Revised ,Golvin001,3,3,1250,fantasy,2019-05-31
392,[2018] Rustacia (110) ,RustyMoth,8,4,2018,other,2019-05-31
393,"[1179] Emotionsmith, Part 3 ",FracturedParadox,6,2,1179,other,2019-05-30
394,[2493] A Modern HauntingLitGhostBlackComedy ,deleted,9,7,2493,other,2019-05-30
395,[2792] Contaminated Minds  Chapter 1 ,Tchaikovsky08,3,7,2792,other,2019-05-30
396,[1820] The Order of the Bell: Three Conversations ,md_reddit,5,3,1820,fantasy,2019-05-30
397,"[2471] Harold and Emily were meant to Be, chapters 3  4 ",mydadsnameisharold,2,14,2471,other,2019-05-30
398,[1495] Narcissus ,chinsman31,7,5,1495,contemporary,2019-05-30
399,"[] Weekly Comment Thread, Alternative History ",MKola,12,37,-1,meta,2019-05-29
400,[3030] Unhealthy Thoughts ,greyjonesclub,7,12,3030,contemporary,2019-05-29
401,[928] Advent of the Rabbit  Chapter 5 ,BunkerMonk716,2,4,928,fantasy,2019-05-30
402,[4388] One Mothers Evening ,Mikey2104,3,2,4388,other,2019-05-29
403,[813] A Cleaner Sort of HellBlack Comedy  Short Story ,flesh_eating_turtle,11,7,813,other,2019-05-29
404,"[1622] Good Talk, Mom ",xbezx1992,3,4,1622,other,2019-05-29
405,[2763] Divided YA ,xbezx1992,5,5,2763,other,2019-05-29
406,[2710] Working Title ,R00ster_Cogburn,8,8,2710,other,2019-05-28
407,"[3129] The Box: Story of Zara 1 ( Always with you, always with me ) ",ZwhoWrites,9,6,3129,other,2019-05-28
408,"[2,000] Ghost Proof ",artistyre,15,8,2000,other,2019-05-27
409,[1841] The Order of the Bell: Reunited ,md_reddit,3,6,1841,fantasy,2019-05-27
410,[903] Reflections on Retail ,flesh_eating_turtle,8,12,903,other,2019-05-27
411,[923] The Free ChildShort Story ,chinsman31,11,9,923,contemporary,2019-05-26
412,[2569] Playing House ,VesperGlitterfluff,3,2,2569,contemporary,2019-05-27
413,[2188] The Speedrunner and the Kid: Panther QueenContemporarydramedy ,OldestTaskmaster,11,3,2188,other,2019-05-26
414,[1964] The Color RedScifi ,Inguz666,6,7,1964,other,2019-05-26
415,[1710] continuing: The Summer Boy ,NanaJet,6,2,1710,other,2019-05-25
416,[3937] Namestealer  Intro ,Jraywang,6,9,3937,fantasy,2019-05-25
417,[2188] The Order of the Bell: Road Warriors ,md_reddit,5,2,2188,fantasy,2019-05-25
418,[] Monthly Resource post thread ,WatashiwaAlice,12,7,-1,meta,2019-05-24
419,"[5,034] The Cats in 3B (Version 2) ",SomewhatSammie,8,9,5034,contemporary,2019-05-24
420,[3569] The sacrifices we make  version 2 ,AerlynnBos,8,3,3569,other,2019-05-24
421,[1768] Entwined ,BlackbirdVortex,6,5,1768,other,2019-05-24
422,[3371] Time for Adventure (Part 2) ,deleted,9,8,3371,other,2019-05-23
423,[595] The Fracture ,Lexi_Banner,5,4,595,fantasy,2019-05-23
424,[1032] A Good...no wait...Terrible Short Story ,CypherDoubleShot,13,24,1032,other,2019-05-22
425,[2386] Animal Culture ,cloudrcs,3,8,2386,other,2019-05-23
426,[1458] Annexed. The start of a short story. ,finniruse,8,10,1458,other,2019-05-22
427,[2708] Cooter and His Worms ,lonelysubconscious,1,7,2708,other,2019-05-22
428,[1774] A Handful Of Stars Chapter One ,thatkittymika,13,14,1774,ya,2019-05-22
429,[] Weekly Community Post  survey edition ,flashypurplepatches,10,44,-1,meta,2019-05-22
430,[875] The Summer Boy ,NanaJet,17,19,875,other,2019-05-21
431,"[1831] I compute, therefore I am ",anotherhomosapian,13,10,1831,other,2019-05-21
432,[2655] A Place to Hide ,crimsonconfusion,16,14,2655,contemporary,2019-05-19
433,[1284] The Order of the Bell: New York State of Mind ,md_reddit,5,2,1284,fantasy,2019-05-19
434,[194] The Great Filter  Prologue: Fermis Question ,TheManWhoWas-Tuesday,11,27,194,scifi,2019-05-19
435,[3711] Origin Story ,Browhite,7,17,3711,other,2019-05-18
436,[1254] The Speedrunner and the Kid: worldtree54Contemporarydramedy ,OldestTaskmaster,7,8,1254,other,2019-05-18
437,[1036] The sacrifices we make ,AerlynnBos,9,16,1036,other,2019-05-17
438,[1692] The Order of the Bell: The Road Trip Begins ,md_reddit,5,10,1692,fantasy,2019-05-17
439,[3173] Untitled  Chapter 1: An Unexpected Request ,zerozark,10,9,3173,fantasy,2019-05-16
440,"[2256] Emotionsmith, Part 2 ",FracturedParadox,13,10,2256,fantasy,2019-05-16
441,[4255] Artifice: Chapter 1 ,CosmicShenanigans,3,13,4255,scifi,2019-05-16
442,[1919] Red Skies Chapter 9 ,sleeppeaceably,3,6,1919,scifi,2019-05-16
443,[733] Disclaimer opening for mock autobiography of a Supervillain ,drnick316,4,23,733,other,2019-05-16
444,[3166] Willas Blessing: Chapter 1 ,pianoz4life,13,6,3166,other,2019-05-15
445,[2193] The Order of the Bell: A Day in Gotham ,md_reddit,6,11,2193,fantasy,2019-05-15
446,[1279] The Box: Prelude ,ZwhoWrites,13,8,1279,other,2019-05-14
447,"[]Weekly Comment Thread 20,000 X ",MKola,15,15,-1,meta,2019-05-14
448,[3563] Time for Adventure (Adventure) [Part 1] ,deleted,11,17,3563,other,2019-05-14
449,[202] Query Letter  Namestealer v2 ,Jraywang,9,15,202,other,2019-05-13
450,[3320] An Eagles Property ,MarDashino,8,2,3320,other,2019-05-13
451,[2214] A Place to Hide ,crimsonconfusion,13,13,2214,contemporary,2019-05-13
452,[1995] The Order of the Bell: Checking Out ,md_reddit,6,4,1995,fantasy,2019-05-13
453,[3700] Paper ,eddie_fitzgerald,12,6,3700,other,2019-05-12
454,[1588] The Order of the Bell: Homecoming ,md_reddit,8,7,1588,fantasy,2019-05-11
455,[1531] Revised Chapter 1 of Follow the Light ,oddinspirations,13,11,1531,other,2019-05-10
456,[1149] I Beat a Man to Death With a Sandwich ,Diki,16,9,1149,flash,2019-05-09
457,[4047] VOiD: The Priest and the Processor ,nullescience,11,12,4047,other,2019-05-09
458,[3044] The Meeting (Chapter 1 of Novel)SCIFI ROMANCE ,lanniepoo,9,6,3044,other,2019-05-09
459,[2099] Making Amends ,deleted,7,21,2099,horror,2019-05-09
460,[983]The Fallen One ,Doc_Dream,9,12,983,other,2019-05-09
461,[878] Interview with a Monster Girl ,LRNBot,6,3,878,other,2019-05-09
462,[2205] The Order of the Bell: Conflagration ,md_reddit,7,4,2205,fantasy,2019-05-09
463,[1632] The Speedrunner and the Kid (working title)Contemporarydramedy ,OldestTaskmaster,18,10,1632,other,2019-05-08
464,[1430] A Place to Hide ,crimsonconfusion,10,12,1430,other,2019-05-08
465,[2300]Brave3rdDraft ,neeharikapathuri,2,1,2300,other,2019-05-08
466,[228] Query Letter  Namestealer ,Jraywang,8,32,228,other,2019-05-07
467,[99] The Baby Shower ,cora17,7,29,99,other,2019-05-08
468,[4639] Red Skies Chapter 6 7 ,sleeppeaceably,9,15,4639,scifi,2019-05-07
469,[] Weekly Community Post ,flashypurplepatches,11,68,-1,meta,2019-05-06
470,"[2288] Mooks  Preface, Chapter 1, Chapter 2 ",Golvin001,7,9,2288,fantasy,2019-05-07
471,[2428] Beautiful Oddela ,asromta,15,10,2428,other,2019-05-06
472,[510] Wearing Iron Shoes ,Temmon,9,6,510,fantasy,2019-05-06
473,[1641] The Order of the Bell: The Gathering Storm ,md_reddit,6,9,1641,fantasy,2019-05-06
474,[2338] The Perihelion Prologue ,janicelikesstuff,5,11,2338,fantasy,2019-05-05
475,[885] Black Water ,SundanceX,15,12,885,other,2019-05-04
476,[1855] The Best of Many Worlds ,TheManWhoWas-Tuesday,11,7,1855,scifi,2019-05-03
477,[2449] The Stranger ,KidDakota,16,19,2449,other,2019-05-03
478,"[2422] An Unexpected Request (long time lurker, first time posting) ",zerozark,3,10,2422,other,2019-05-04
479,[1046] The Order of the Bell: The Archons ,md_reddit,4,1,1046,fantasy,2019-05-04
480,[2745] Through the Wires ,protagonistanother,12,11,2745,other,2019-05-03
481,[650] University student first person narrative ,boi29492,1,8,650,other,2019-05-03
482,[1077] Secrets of Scoundrels. Historical Romance ,proseaddiction,11,7,1077,other,2019-05-02
483,[1045] The Frontier ,kent-murphy27,6,18,1045,other,2019-05-02
484,[2389] DualitySciFi ,deepblue10055,14,7,2389,other,2019-04-30
485,[1377] The Order of the Bell: The Librarian ,md_reddit,4,6,1377,fantasy,2019-05-01
486,[2200] Prima Ballerina ,MarDashino,11,11,2200,other,2019-04-30
487,[Weekly Comment Thread] Check in to the Writers Lounge ,MKola,19,88,-1,meta,2019-04-29
488,[1200] Own Creations (Pt. 22) ,Diki,9,3,1200,other,2019-04-29
489,[396] The Cycle of Us  Draft 2 ,Guavacide,9,10,396,other,2019-04-29
490,[994] Down the rabbit hole and into hell. ,Skyblue0000,10,18,994,other,2019-04-28
491,[977] Birth of ParadiseScifiModern Fantasy ,SinSlayer,9,4,977,other,2019-04-27
492,[2139]Brave2nd Draft ,neeharikapathuri,2,6,2139,other,2019-04-27
493,[2021] Own Creations (Pt. 12) ,Diki,10,4,2021,other,2019-04-27
494,[646] Galeport ,Mrdongs21,8,6,646,other,2019-04-26
495,[936] Excerpt from Chapter 1 of Awakening ,ZharrTheBarbarian,8,9,936,other,2019-04-26
496,[1030] Chapter 1 of Follow the Light ,oddinspirations,10,6,1030,fantasy,2019-04-26
497,[1522] The Order of the Bell: The Duel ,md_reddit,4,2,1522,fantasy,2019-04-26
498,"[1,197] Pennies ",MoreTolkienPlz,10,12,1197,other,2019-04-25
499,"[2,850] Ethan and John ",loganbaby,9,5,2850,other,2019-04-25
500,[2530] Something More ,PunctuationIsHard,8,14,2530,scifi,2019-04-25
501,[2075] The Night I Caught the Train ,nervousanxiouswriter,15,21,2075,fantasy,2019-04-24
502,[753] Boveinhorrorhumour ,boardjorts,6,6,753,other,2019-04-24
503,[2071] Absurdist Comedy Chapter 1 ,weirdacorn,3,5,2071,other,2019-04-24
504,"[2,800] Warm WelcomeSciFi ",deepblue10055,8,10,2800,other,2019-04-24
505,[2000] The Order of the Bell: In the Tower ,md_reddit,6,7,2000,fantasy,2019-04-24
506,[1600]Brave ,neeharikapathuri,3,7,1600,other,2019-04-23
507,[394] The Cycle of Us ,Guavacide,18,33,394,other,2019-04-23
508,[502] The Collectors ,cora17,10,4,502,other,2019-04-23
509,[1731] Frankenstein Party ,helqalluqa,14,9,1731,other,2019-04-22
510,[2653] Rippen and the Rogue Deity pt 4 ,DrDjMD,7,3,2653,fantasy,2019-04-22
511,[1340] Venus (draft 2) ,hamz_28,12,11,1340,other,2019-04-22
512,[2290] Evidence: The Seventh DayModern SciFiFantasy ,SinSlayer,3,14,2290,other,2019-04-22
513,[310] Skippys Rant 1 from the Broken Binnacle ,kiryopa,2,5,310,other,2019-04-22
514,[200 Words] There Will Be One ,Tsierus,12,11,200,fantasy,2019-04-22
515,[Weekly] April 21. EASTER EGGS EDITION ,WatashiwaAlice,10,34,-1,meta,2019-04-21
516,[3150] I Am In My Early Twenties and Work At A Walmart Supercenter: Vignettes ,ToughSalamander,26,12,3150,contemporary,2019-04-21
517,[1329] Interrogation ,deleted,5,11,1329,other,2019-04-20
518,[1500] We Left It Behind ,BanditTraps,8,11,1500,contemporary,2019-04-20
519,[253] Island ,The_Electress_Sophie,12,7,253,poetry,2019-04-19
520,[2336] The Order of the Bell: The Lake of Fire ,md_reddit,6,16,2336,fantasy,2019-04-19
521,[777] The Organon  Flash Fiction ,cora17,1,5,777,other,2019-04-19
522,[2716] Charcoal ,AppetiteForDisaster,27,21,2716,fantasy,2019-04-18
523,[1947] Untethered ,R0xasmaker,8,11,1947,other,2019-04-18
524,[2093] I am awake.SciFi ,infinityapproaching1,10,15,2093,other,2019-04-18
525,[1324] Not My Favourite Morning ,Guavacide,8,17,1324,other,2019-04-17
526,[540] Unrestricted Nature  Chapter Zero ,AMVRocks,4,13,540,other,2019-04-17
527,[2582] The Hooded Stranger (Rewrite) ,TempestheDragon,10,11,2582,fantasy,2019-04-17
528,[2011] The Order of the Bell: The Harmonic Vestibule ,md_reddit,4,2,2011,fantasy,2019-04-17
529,"[2260] Chapter 2, Fantasy, Epic ",jokodude,5,7,2260,other,2019-04-17
530,[2740] Ebullire: Merapi ,nullescience,6,3,2740,other,2019-04-17
531,"[2,766] The Haunted World of Anne Shiverton  chapter 1 ",Grace_Omega,19,11,2766,other,2019-04-16
532,[61] Reason for Tardiness ,deleted,13,10,61,other,2019-04-16
533,[1251] Venus ,hamz_28,13,16,1251,other,2019-04-15
534,[1567]  The Usurped God  Chapter One: City of Brass ,PeterCeevey,7,10,1567,fantasy,2019-04-16
535,[862] 00:00 ,Doc_Dream,14,24,862,horror,2019-04-15
536,[Weekly: April 14]: Game of Thrones Edition ,WatashiwaAlice,14,66,14,meta,2019-04-15
537,"[3,106] They Say SavSaba ",the_stuck,9,18,3106,other,2019-04-15
538,[1035]Advent of the Rabbit  Chapter 4 ,BunkerMonk716,6,11,1035,fantasy,2019-04-15
539,"[1769] Emotionsmith, Part 1 ",FracturedParadox,14,19,1769,fantasy,2019-04-14
540,[393] A Family in the Woods ,Diki,12,13,393,flash,2019-04-14
541,[2400] The Ravine (Comic) ,-Klippy,18,15,2400,other,2019-04-13
542,[1605] The Order of the Bell: In the Library ,md_reddit,6,7,1605,fantasy,2019-04-14
543,"[1570] Chapter 1 of Novel, Fantasy ",jokodude,13,20,1570,other,2019-04-13
544,[1360] Least of All Adventures Chapter One ,AsAChemicalEngineer,10,20,1360,other,2019-04-13
545,[ 158 ] The Garden ,TheLiteraryPrO,6,5,158,other,2019-04-13
546,[1743] The Order of the Bell: Entering the Unbuilt City ,md_reddit,12,10,1743,fantasy,2019-04-12
547,[1352] The Book of Monsters v.2 ,Judyjlaw,16,15,1352,fantasy,2019-04-11
548,[408] Kappakace Murderers ,castrationnation,8,13,408,other,2019-04-11
549,"[2268] Between Spaces  Chapter 1, YA SF ",ArrowLint,6,14,2268,other,2019-04-11
550,[183] Untitled ,The_Electress_Sophie,15,9,183,poetry,2019-04-10
551,[3317]   Chapter One ,ThePronouncer,24,10,3317,ya,2019-04-09
552,[1507] The Order of the Bell: The Journey Begins ,md_reddit,12,6,1507,fantasy,2019-04-09
553,[3200] Gearhead (Part 2) ,Kid_Detective,11,5,3200,horror,2019-04-09
554,[992] Chapter 1  Ruin ,CommonMention,18,13,992,fantasy,2019-04-08
555,[567] The Day it Snowed Wishes ,sofarspheres,7,7,567,other,2019-04-08
556,[2394] The Cue Club ,RustyMoth,10,8,2394,other,2019-04-08
557,[1046] Randalls Story ,mikerich15,8,14,1046,horror,2019-04-07
558,[] The Great Meet and Greet of April 2019 ,MKola,23,152,-1,meta,2019-04-07
559,[2576] Who Do You Carry the Torch for My Young Man? ,favouredzpv,5,8,2576,cyberpunk,2019-04-07
560,[952] BackstoryPremise for Novel ,deleted,7,10,952,fantasy,2019-04-07
561,[2800] Croc ,deleted,12,9,2800,crime,2019-04-05
562,[1121] The Bridge ,Amayax,6,10,1121,other,2019-04-05
563,[2950] Convulsions ,entnKagutsuchi,3,4,2950,other,2019-04-05
564,[66] In This Country We Have Small Gods ,The_Electress_Sophie,17,14,66,poetry,2019-04-04
565,[2915] Gearhead (Part 1) ,Kid_Detective,7,12,2915,horror,2019-04-05
566,[3538] Outside The Firelight: Chapter One ,IcarusAblaze12,7,8,3538,thriller,2019-04-04
567,[1300] The First Harvest (Comic) ,-Klippy,9,3,1300,other,2019-04-04
568,[870] The Order of the Bell: A Short Conversation Between Teammates ,md_reddit,8,12,870,fantasy,2019-04-04
569,[2520] Rippen pt3 ,DrDjMD,5,6,2520,other,2019-04-04
570,[2211] One Night Stand ,sofarspheres,11,10,2211,other,2019-04-03
571,[3261] Long Pork of Long Island ,Diki,7,11,3261,horror,2019-04-03
572,[Weekly Community Thread] Word count  mixer ,MKola,16,29,-1,meta,2019-04-02
573,"[139,233] The Mysterious Stranger ",flashypurplepatches,78,63,139233,other,2019-04-02
574,[1987] The Starlings Maid ,TheLastSonata,15,23,1987,fantasy,2019-04-01
575,[4461] The Best of Many Worlds  Ending ,TheManWhoWas-Tuesday,10,11,4461,scifi,2019-04-01
576,[690] Aljis: Karens Dream ,md_reddit,7,13,690,scifi,2019-03-31
577,[3435] Wayward Sparrows ,duderium,13,11,3435,other,2019-03-30
578,"[2,300] Alone ",darkenfloxxed,5,6,2300,other,2019-03-30
579,[2153]Advent of the Rabbit (Chapter 1) ,BunkerMonk716,4,7,2153,fantasy,2019-03-30
580,[4046] Sarah Kelley ,figriver,3,7,4046,other,2019-03-30
581,[3368] Habeas Corpus ,RustyMoth,9,6,3368,crime,2019-03-30
582,"[2500] Degree Inflation, Apprenticeships, and the Point of Education ",CosmicPennyworth,7,5,2500,other,2019-03-30
583,[4491] The Perihelion Chapter 1 ,janicelikesstuff,5,17,4491,fantasy,2019-03-29
584,[1089] The Order of the Bell: Testing the Psychromteon ,md_reddit,5,8,1089,fantasy,2019-03-29
585,[4100] A Soldiers Story Chapter 1 Critique ,jehahn4421,4,20,4100,other,2019-03-29
586,[4276] The Seer ,SeaChangi,6,22,4276,fantasy,2019-03-29
587,[3036] Rippen pt 2 ,DrDjMD,13,15,3036,other,2019-03-28
588,[2020] Rhododendron ,Throwawayundertrains,10,4,2020,other,2019-03-27
589,[3286] The Best of Many Worlds  The Julia Emergency ,TheManWhoWas-Tuesday,6,2,3286,scifi,2019-03-27
590,[2983] Hamu (Historical Fiction Short Story) ,Wandering_sage1234,4,22,2983,other,2019-03-27
591,[1284] The Order of the Bell: The Team Eats Breakfast ,md_reddit,7,4,1284,fantasy,2019-03-27
592,[3393] The Perihelion Prologue ,janicelikesstuff,11,9,3393,fantasy,2019-03-26
593,[4416] MIDNIGHT AT MILE MARKER THIRTEENWeird Fiction  Southern Gothic Spook Story ,jsran,21,15,4416,other,2019-03-26
594,[3157] Rippen and the Rogue Deity ,DrDjMD,17,10,3157,fantasy,2019-03-26
595,[259] The Very Old Gods ,uncouthmayor,15,1,259,poetry,2019-03-26
596,[Weekly Community Thread] Subject Matters ,MKola,14,42,-1,meta,2019-03-25
597,"[3,877] The Hooded Stranger ",TempestheDragon,2,6,3877,fantasy,2019-03-25
598,[1975] The Existence of Mice ,sofarspheres,14,8,1975,other,2019-03-25
599,[1772] Aljis: Devastation ,md_reddit,6,4,1772,scifi,2019-03-25
600,[294] Comet ,Throwawayundertrains,3,2,294,other,2019-03-25
601,[3944] Autumn Aromas ,Mikey2104,7,12,3944,other,2019-03-24
602,[1385] The Best of Many Worlds  Chapter 2 ,TheManWhoWas-Tuesday,10,6,1385,scifi,2019-03-24
603,[388] Yesterdays Gone ,brisualso,4,17,388,other,2019-03-24
604,[4025] An Eudaimonian Virtue ,Maeserk,7,3,4025,other,2019-03-23
605,Fremont Street [Scene 1] ,RustyMoth,8,11,1,other,2019-03-23
606,[2000] Aljis: A Night In The Desert ,md_reddit,9,9,2000,scifi,2019-03-22
607,[1106] House of the Virtual ProtonSyfyCrime ,deleted,4,3,1106,other,2019-03-23
608,[694] Route to TitanSCIFIROMANCE ,robmosesdidnthwrong,9,12,694,other,2019-03-22
609,[883] To a Time Unknown ,Coreywrites,8,2,883,other,2019-03-21
610,[1967] The Lake ,lfletcherc,3,12,1967,other,2019-03-21
611,[1510] The Order of the Bell: A Visit From Claire ,md_reddit,6,2,1510,fantasy,2019-03-20
612,[1492] The Wrong Dog ch. 1 ,sofarspheres,12,12,1492,other,2019-03-19
613,[1143] Untitled Quantum Story (Annas introduction)SciFi ,TheManWhoWas-Tuesday,5,10,1143,other,2019-03-19
614,"[2200] Brewskie, Part 1 ",RustyMoth,5,10,2200,crime,2019-03-19
615,[] Weekly Community Thread  Levels rising ,MKola,14,51,-1,meta,2019-03-18
616,[1973] You want to wait for another Hitler ,Entoen,10,10,1973,other,2019-03-18
617,[3636] Dead Plants ,hydrangeaandtherose,9,11,3636,other,2019-03-18
618,[1680] Advent of the Rabbit ,BunkerMonk716,4,15,1680,fantasy,2019-03-18
619,[1627] The Order of the Bell: Decisions ,md_reddit,6,2,1627,fantasy,2019-03-18
620,[2469] The girl in the shadows (Chapter 1) ,jakxnz,12,12,2469,ya,2019-03-17
621,[3752] The Lure of Nostalgia  Part 2 ,RustyMoth,2,4,3752,contemporary,2019-03-16
622,[1989] The Order of the Bell: In The Watches of the Night ,md_reddit,6,4,1989,fantasy,2019-03-15
623,[4691] The Tribes Climber ,ValuableBear,6,2,4691,other,2019-03-15
624,[5366] None That Moved a Wing ,greyjonesclub,13,10,5366,other,2019-03-15
625,[2576] Fortune Willing ,Jraywang,10,7,2576,fantasy,2019-03-14
626,[3553] Untitled Quantum Story  revised openingSciFi ,TheManWhoWas-Tuesday,6,15,3553,other,2019-03-15
627,[1327] The Stars Dont CareFlash Fiction  Horror ,SavageBeefsteak,8,6,1327,other,2019-03-14
628,[1702] Outside The Firelight Prologue ,IcarusAblaze12,2,4,1702,thriller,2019-03-14
629,[2163] The Order of the Bell: A Late Supper ,md_reddit,4,6,2163,fantasy,2019-03-13
630,[3332] The Lure of Nostalgia  Part 1 ,RustyMoth,7,10,3332,contemporary,2019-03-13
631,[2054] Exaptation: Chapter 2 ,figriver,5,11,2054,other,2019-03-13
632,"[2056] The Omnisapiens, Slowed downSciFi ",StoneDoorsAre,10,16,2056,other,2019-03-12
633,"[3,900] Ride the Airboat Far AwayMysteryCrime ",deleted,13,11,3900,other,2019-03-12
634,[1609] Untitled Quantum Story  a middle chapter ,TheManWhoWas-Tuesday,12,2,1609,other,2019-03-12
635,[4910] Once We Were Gods Part OneSciFi ,kaanfight,5,18,4910,other,2019-03-12
636,[2605] Hey There Princess ,ToxicReaper11,4,7,2605,other,2019-03-11
637,[Meta] Weekly Community Thread  Smoking with Hemingway ,MKola,19,12,-1,other,2019-03-11
638,[3868] Hello Magic (Chapter One) ,EagerSidekick,6,10,3868,fantasy,2019-03-11
639,[1721] Aljis: Desperation ,md_reddit,3,5,1721,scifi,2019-03-10
640,[3000] Happy to Have Us AnimalsSciFi ,ryanwalraven,2,6,3000,other,2019-03-10
641,[1822] The Order of the Bell: Checking In ,md_reddit,6,11,1822,fantasy,2019-03-08
642,[1698] Schooldays ,lfletcherc,4,5,1698,other,2019-03-05
643,[4298] Synaptica: Bayesian ,nullescience,8,13,4298,cyberpunk,2019-03-05
644,[1829] EXAPTATION Opening Scene ,figriver,7,15,1829,scifi,2019-03-04
645,[] Weekly Community Thread  Method Acting ,MKola,9,9,-1,meta,2019-03-04
646,[972] Darrol: After Hours ,md_reddit,6,9,972,fantasy,2019-03-04
647,[773] Castella ,LordJorahk,3,10,773,cyberpunk,2019-03-03
648,"[1868] The Omnisapiens, Electric Boogaloo (another opening)SciFi ",StoneDoorsAre,5,10,1868,other,2019-03-02
649,[1663] Chapter 1  MT ,pb49er,5,5,1663,fantasy,2019-03-02
650,[1078] Aljis: Mutiny ,md_reddit,8,9,1078,scifi,2019-03-01
651,[2577] The Peacock Flower ,RustyMoth,12,10,2577,other,2019-02-28
652,[1000] The Subtle Dispute of a Tired Mind ,Micah_Thomas,7,8,1000,flash,2019-02-28
653,[3829] First Day of the Siege ,Astralahara,5,14,3829,other,2019-02-27
654,[2300] False Skins  Chapter TwoSciFi  Drama ,AMVRocks,4,5,2300,other,2019-02-28
655,[3123] Stealing the MoonSHORT STORYMagical Realism ,sofarspheres,5,14,3123,other,2019-02-27
656,[2665] Ch. 1  Cyberpunk PostApocalyptic ShortCyberpunk  PostApocalyptic ,CreativChaos,6,5,2665,other,2019-02-27
657,[971] Darrol In The Forest ,md_reddit,8,21,971,fantasy,2019-02-27
658,[3282] Segment of a SegmentChapter SomethingLiterary Garbage ,nometernoproblem,3,9,3282,other,2019-02-27
659,[550] On the Initiative Side of Things ,gyngq,2,5,550,other,2019-02-27
660,[1427] Story ,LRNBot,7,4,1427,other,2019-02-26
661,[1556] WanderingsShort story  Nonfiction ,leformage,11,11,1556,other,2019-02-26
662,[2628] Rains section. ,UnderRaincoats,7,8,2628,fantasy,2019-02-26
663,Volunteer project: someone to metawrite an aggregate list of resources for a new resource here or whatever ,ldonthaveaname,16,21,-1,meta,2019-02-26
664,[425] EXAPTATION  Prologue Only ,figriver,10,14,425,scifi,2019-02-26
665,[2922] Chapter 1 A Controlled Burn SciFiYA Redux Turbo Edition ,blessedhellfire,3,11,2922,other,2019-02-26
666,[240] End User ,snickersdoodlesbro,1,11,240,other,2019-02-26
667,[] Weekly Comment Thread  Hans Gruber Edition ,MKola,12,24,-1,meta,2019-02-25
668,[1510] Darrol at the Academy ,md_reddit,5,13,1510,fantasy,2019-02-25
669,[3049] Sky Canvas ,JRHEvilInc,10,18,3049,other,2019-02-24
670,[2602] Beginning of a Siege; Beginning of a Change of Character ,Astralahara,4,13,2602,other,2019-02-25
671,"[1512] The Omnisapiens, 2nd partSciFi ",StoneDoorsAre,10,11,1512,other,2019-02-23
672,[3476] The Knight Willard ,More_Pop,4,12,3476,fantasy,2019-02-23
673,[250] Dragon  Traveler ,ldonthaveaname,10,40,250,other,2019-02-23
674,[1888] Aljis ,md_reddit,4,22,1888,scifi,2019-02-23
675,[2019] Introduction of the Other POV Character ,Astralahara,8,6,2019,other,2019-02-22
676,[2500] False Skins  Chapter OneScifi  Drama ,AMVRocks,9,16,2500,other,2019-02-22
677,[4196] Forming Worlds In My Image  Chapter 1 ,TheStormIsMe,6,9,4196,fantasy,2019-02-21
678,"[1460] The Omnisapiens, Another trySciFi ",StoneDoorsAre,5,6,1460,other,2019-02-21
679,[1313] Bear and WaitingShort story  Nonfiction ,leformage,5,2,1313,other,2019-02-21
680,[400] After the Curtain Call ,DBSplitter,2,5,400,scifi,2019-02-21
681,Nicholette [2089] ,sarcasonomicon,9,20,2089,other,2019-02-21
682,[635] Prologue: Kaladan ,md_reddit,9,13,635,fantasy,2019-02-21
683,[974 ] No Title Yet ,tomfissher,2,15,974,other,2019-02-21
684,[1906]  Stoneberry Prologue ,Bloxocubes,5,17,1906,horror,2019-02-20
685,[2423] As the Phoenix Falls: Chapter 1FantasyPostApocalyptic ,Unclebalthazar,2,8,2423,other,2019-02-20
686,[1925] Fateless (Opening) ,Videoboysayscube,10,11,1925,other,2019-02-20
687,[1894] Chapter 1: Draft 2: Electric Boogaloo ,Astralahara,7,15,1894,other,2019-02-20
688,"[1749] The Omnisapiens, New opening ",StoneDoorsAre,6,10,1749,other,2019-02-19
689,[2445] Ulysses Guerrero and The Orb of Doom ,RobertGameDev,8,7,2445,other,2019-02-19
690,[1510] Only DragonsShort StoryMagical Realism ,sofarspheres,7,13,1510,other,2019-02-18
691,"[1,190] The Executive Suite ",the_stuck,6,45,1190,contemporary,2019-02-18
692,[786] The Dragon Ghoros Has A Dream ,md_reddit,6,6,786,fantasy,2019-02-18
693,"[2628] The Omnisapiens, Opening ",StoneDoorsAre,10,7,2628,other,2019-02-17
694,[Weekly Thread] The Murderer is inside the apartment. ,MKola,22,59,-1,meta,2019-02-16
695,[4807] Fortunes Mirror chapter 2 ,SeriousDicktion,9,10,4807,fantasy,2019-02-16
696,"[5718] Lies Forgotten, Chapter 1 ",Cashewcamera,7,22,5718,scifi,2019-02-16
697,[2615] Sore Must Be the Storm ,cloudrcs,11,11,2615,other,2019-02-15
698,[1000] The Lagean Palace ,md_reddit,5,20,1000,fantasy,2019-02-15
699,[3746] Angels of LightShort StoryDomestic Horror ,deleted,15,10,3746,other,2019-02-14
700,[5200] The Mudbow Sisters  Chapter 1 (female dwarf family dramedy) ,theWallflower,11,6,5200,fantasy,2019-02-13
701,[2520] The Darkness ,Kid_Detective,7,6,2520,horror,2019-02-13
702,[1306]  battle scene ,md_reddit,5,5,1306,fantasy,2019-02-13
703,[3076] CutsShort Fiction Psychological Lit ,greyjonesclub,6,23,3076,other,2019-02-12
704,[2410] Mind the Labyrinth ,princesspetrichor,13,6,2410,other,2019-02-11
705,[3673] Mercys End: Scene 1 ,ty_xy,9,3,3673,other,2019-02-11
706,[590] The Lotto Ticket ,102nddalmation,9,12,590,other,2019-02-11
707,[3838] The Greenclad Woman ,PocketOxford,6,13,3838,horror,2019-02-11
708,[2210] Nails vs Pirates ,md_reddit,5,5,2210,fantasy,2019-02-11
709,[3651] Red Skies Chapter 6 ,sleeppeaceably,5,5,3651,other,2019-02-10
710,[3284] Gardener ,Mikey2104,5,19,3284,other,2019-02-10
711,[Weekly  Thread] Stories with Meaning ,MKola,12,29,-1,meta,2019-02-10
712,"[1,002] Greydogs ",deleted,5,6,1002,other,2019-02-10
713,[949] Alleywise visits Caifu ,md_reddit,5,10,949,fantasy,2019-02-09
714,[1021] Hardly Honest ,BoundBaenre,13,10,1021,other,2019-02-08
715,[4695] Fortunes Mirror Chapter 1 ,SeriousDicktion,3,8,4695,fantasy,2019-02-08
716,[2122] Mercys End (Prologue) ,ty_xy,6,18,2122,other,2019-02-08
717,[2754] Red Skies Chapter 45 ,sleeppeaceably,5,6,2754,scifi,2019-02-07
718,[2010] Working Title: Fantastically Useless (2 of 3) ,Abstract_Harmony,4,4,2010,other,2019-02-07
719,[1000] Good Knight ,Zechnophobe,3,9,1000,other,2019-02-07
720,[565] Woods Avenue ,md_reddit,5,14,565,horror,2019-02-07
721,[1675] Red Skies Chapter 3 ,sleeppeaceably,9,12,1675,scifi,2019-02-05
722,[1197] Innocent Whistle (Short Story)FictionHorror ,Zechnophobe,12,20,1197,other,2019-02-04
723,[1478] Rudolpho ,md_reddit,6,12,1478,fantasy,2019-02-04
724,[709] Pushing Buttons ,TheManWhoWas-Tuesday,8,8,709,other,2019-02-04
725,[1293] Lunch ,PapilioCastor,8,14,1293,horror,2019-02-04
726,[1209] The Farewell LetterNonFiction ,imagine_magic,27,15,1209,other,2019-02-04
727,[1429] Kindness ,UnderRaincoats,2,3,1429,fantasy,2019-02-04
728,[1595] Spilled Milk ,SugarFreeTsunami,13,18,1595,other,2019-02-03
729,[1585] The Heart of a Dancing Girl ,CryptoSyke,3,11,1585,other,2019-02-04
730,[284]Excerpt from a manuscript ,24hourstowrite,3,4,284,other,2019-02-03
731,[137] A Reflection ,Opencity14,3,2,137,other,2019-02-03
732,[Weekly  Thread] Resource dump! Winter fun extravaganza UwU ,ldonthaveaname,16,23,-1,meta,2019-02-02
733,[1021] The Order of the Bell (ch 2 battle scene) ,md_reddit,4,4,1021,fantasy,2019-02-02
734,[230] One of my somewhat daily shorts. ,myMadMind,2,6,230,crime,2019-02-02
735,[1115] Excerpt from Young Adult novel. Thanks!YOUNG ADULTNEW ADULT ,Previous_Fun,3,5,1115,other,2019-02-02
736,[889] ManiaPsychological Thriller  Mystery ,hihijinx,8,9,889,other,2019-02-02
737,[891] Synopsis  Spirit of Fire ,Jraywang,7,4,891,other,2019-02-02
738,[177] A Love Letter To a Snarky Writer ,Opencity14,1,9,177,other,2019-02-01
739,[936] Alleywise ,md_reddit,10,20,936,fantasy,2019-01-31
740,[1472] World One (revised) ,book_one,10,12,1472,fantasy,2019-01-31
741,[2126] HerContemporary Fiction  Second Person POV ,SavageBeefsteak,16,11,2126,other,2019-01-31
742,[2219] The Wood Witch ,acenarteco,14,21,2219,other,2019-01-29
743,[5171] Infernal Chapter 1 (Working Title) ,ZenKrow,8,23,5171,other,2019-01-29
744,[2019] The Good Doctor ,favouredzpv,14,11,2019,cyberpunk,2019-01-29
745,"[2466] Hen in the Box, part 1 ",Zechnophobe,10,10,2466,other,2019-01-28
746,[4008] Synaptica: Essence ,nullescience,3,5,4008,cyberpunk,2019-01-29
747,[2624] Im Predisposed ,RustyMoth,16,15,2624,other,2019-01-28
748,[3490] A Second GenesisSupernaturalSciFi ,JRHEvilInc,12,25,3490,other,2019-01-27
749,[2235] No title yet ,tomfissher,13,13,2235,other,2019-01-26
750,"[] Blink and miss January, Weekly Thread ",MKola,17,39,-1,meta,2019-01-25
751,[1047] Akward Susan ,Pakslae,11,23,1047,other,2019-01-25
752,[2388] Dance of Mages Chapter 1 ,willowmarie27,11,13,2388,other,2019-01-24
753,[240] Four Poems ,eddie_fitzgerald,15,5,240,other,2019-01-23
754,[6040] Only the Dead can See the Devil (v2) ,sarcasonomicon,8,27,6040,other,2019-01-23
755,[3277] The Perfect OrchardMGYA Fantasy (Gaimanesque?) ,sofarspheres,5,4,3277,other,2019-01-23
756,[3627] Gladiators Outside Time ,kylejnoakes,6,5,3627,other,2019-01-22
757,[2520] Untitled Halloween story ,4am_meows,5,8,2520,other,2019-01-22
758,[1236] Nails ,md_reddit,14,16,1236,fantasy,2019-01-22
759,[3120] Red Skies Chapter 1 ,sleeppeaceably,12,17,3120,scifi,2019-01-22
760,Rule 7 reminder ,ldonthaveaname,25,2,-1,meta,2019-01-21
761,[247] Coffee House ,caglebagle,9,22,247,other,2019-01-20
762,[2831] Educational Tapes ,plain-white-sauce,6,9,2831,other,2019-01-20
763,[3020] The Embrace of Dusk ,SilasWit,6,16,3020,other,2019-01-20
764,"[1800] The Sey Crystal, chapter 15 ",written_in_dust,2,6,1800,ya,2019-01-19
765,"[4395] My Vacation, Part 2 of 2 ",Zechnophobe,5,14,4395,thriller,2019-01-19
766,[1170] Paper ,eddie_fitzgerald,15,11,1170,other,2019-01-18
767,[1357] Honey (short story) ,floweringcacti,9,8,1357,other,2019-01-18
768,"[4044] untitled quantum story, act 1 ",TheManWhoWas-Tuesday,8,12,4044,other,2019-01-18
769,[2573] Working title : the islanders ,mad_task,6,12,2573,other,2019-01-18
770,[3006] Endless Sun  Chapter 2 ,PistolShrimpGG,6,9,3006,other,2019-01-17
771,[993] New Chapter 1 for my story. Now I have an Act I a.k.a. Harry under the staircase.contemporary fantasy humor ,rocklio,10,19,993,other,2019-01-17
772,"[807] Just, maybe ",thisisniceishisface,9,9,807,other,2019-01-17
773,[] Weekly Comment Thread ,MKola,4,20,-1,meta,2019-01-17
774,[5024] My Vacation Part 1 of 2 ,Zechnophobe,9,8,5024,thriller,2019-01-16
775,[635] Red Skies Prologue (New and different)SCIFI ,sleeppeaceably,2,9,635,other,2019-01-17
776,[2790] A Middle Scene ,acenarteco,4,11,2790,other,2019-01-16
777,[2063] MaySciFi ,MengskDidNothinWrong,6,16,2063,other,2019-01-16
778,[1356] Critique for my 22nd Chapter ,gallemore,3,23,1356,other,2019-01-16
779,[1681] the Rats of Saint Denis ,Lutenbarque,3,10,1681,other,2019-01-16
780,[2145] Working Title: Fantastically Useless (1 of 3) ,Abstract_Harmony,9,10,2145,other,2019-01-15
781,[2214] Long Pork of Long Island ,Diki,9,11,2214,horror,2019-01-15
782,[2617] The Tattoo ,ty_xy,4,5,2617,other,2019-01-15
783,[927] Working Title: The Ten Year Boat ,ss4752,7,5,927,other,2019-01-15
784,[1012] Mania ,anoninabillion,10,9,1012,other,2019-01-14
785,[817] Satisfaction (Magic Realism) ,drottkvaett,10,7,817,other,2019-01-14
786,[2755] A Tale Most True ,StarSayo,9,5,2755,other,2019-01-14
787,[525] Tom Cruise Nukes the World ,favouredzpv,4,5,525,play,2019-01-14
788,[560] The Book of Monsters ,Judyjlaw,6,13,560,fantasy,2019-01-13
789,[1515] The Last of the Ocean ,artemii7,11,8,1515,fantasy,2019-01-13
790,[190] Spirit of Fire Query Letter ,Jraywang,6,18,190,other,2019-01-13
791,[911] Indomitable (SciFi) ,UnluckyEconomist,13,25,911,other,2019-01-12
792,[640] The Downward Spiral (Working title) Trigger warning ,mooshali,5,8,640,other,2019-01-12
793,[5848] The Spirit of Fire ,Jraywang,9,18,5848,fantasy,2019-01-11
794,[] Weekly Community Thread  Interview with uromancepubber ,MKola,16,12,-1,meta,2019-01-09
795,[2448] Dont Look at the Moon ,StarSayo,9,12,2448,other,2019-01-08
796,[1494] Last Train ,writeyboi,3,10,1494,other,2019-01-08
797,[2082] Tribe In The Trees (Short Story) ,ValuableBear,3,4,2082,other,2019-01-07
798,[2609] Embers and Ashes ,1haider,5,13,2609,fantasy,2019-01-07
799,"[1779] Campaign (Chapter 3, Part 1) ",B4551C,5,4,1779,fantasy,2019-01-07
800,[403] The Anchor ,BlackWithATearOfRed,10,5,403,other,2019-01-07
801,"[2185] AS IN A MIRROR, Chapter One ",LittlestLynx,3,10,2185,ya,2019-01-07
802,[1035] My first two short stories ,OtHanski,20,2,1035,other,2019-01-07
803,[2423] The Vicious StarsSciFi ,LordJorahk,14,8,2423,other,2019-01-06
804,[3460] Temple of the Moons ,willowmarie27,4,4,3460,other,2019-01-07
805,[762] Road Home ,Nemarar26,8,4,762,other,2019-01-06
806,[1186] Longways : Prologue  Flood and Slide ,edplaysjazz,3,10,1186,other,2019-01-05
807,[628] Across the FieldSciFiFantasy ,_honestl5,12,8,628,other,2019-01-04
808,[2767] Synaptica: Connections ,nullescience,8,9,2767,cyberpunk,2019-01-03
809,[1000] Deadening the Pain of Heartbreak ,Sundaes_on_Wednesday,6,11,1000,other,2019-01-03
810,[3411] The Cats in 3B ,SomewhatSammie,6,7,3411,other,2019-01-02
811,FAQ update for 2019 ,ldonthaveaname,7,11,-1,meta,2019-01-02
812,[2052] Copy  PasteSci  fi ,morrijo32,4,6,2052,scifi,2019-01-02
813,"[] Weekly Thread, Year of the Pig ",MKola,11,45,-1,meta,2019-01-02
814,[1029] Prologue: the New Salem Chronicles ,dpfw,4,4,1029,other,2019-01-02
815,[2286  The Fire  Omar  Claire]Nonfiction ,thisisniceishisface,18,11,2286,other,2019-01-01
816,[1527] Frederick and the Mirror ,MythsBusted,4,10,1527,other,2019-01-01
817,[2790] The Final CarnivoreSciFiFantasy ,RyanHatesMilk,11,20,2790,other,2019-01-01
818,[4612] Dead Deer Glow in Ear ,Blurry_photograph,7,8,4612,other,2019-01-01
819,[2386] On Behalf of Myself and the Human Race ,Jacob_Blackwell,9,8,2386,scifi,2019-01-01
820,[1635] Red Skies Prologue ,sleeppeaceably,10,10,1635,scifi,2019-01-01
821,"[2,651] Dance of Moons Chapter One ",willowmarie27,4,12,2651,fantasy,2019-01-01
822,[1266] Talking from outsideNonfiction ,thisisniceishisface,16,9,1266,other,2018-12-31
823,[1820] The Redtails Roots (Resubmitted)Childrens Book ,Poo-et,6,12,1820,other,2018-12-31
824,[1468] Conflicts before the Battle ,DenseEntertainment2,4,3,1468,other,2018-12-31
825,[4986] Namestealer ,Jraywang,24,26,4986,fantasy,2018-12-30
826,"[1432] Vion the Guard, Prologue ",MetTroubleHalfway,7,19,1432,other,2018-12-30
827,[2144] No Plans to Prosper (Revised) and Consider the Lilies ,melpendy,8,20,2144,other,2018-12-30
828,[543] Home ,_Dannyboy_,17,12,543,other,2018-12-29
829,[2750] The Wretched and The Wisp ,eddie_fitzgerald,12,12,2750,other,2018-12-29
830,[996] Plans to Prosper ,melpendy,4,21,996,other,2018-12-28
831,[2906] The Trial (2 of 2) ,BlindLemon0,10,7,2906,other,2018-12-27
832,[3679] Chapter 2 ,ty_xy,6,6,3679,other,2018-12-27
833,[3604] The Eviction ,the-nomad,8,12,3604,other,2018-12-26
834,[554] A Thriving Thief ,deleted,1,7,554,fantasy,2018-12-26
835,"[] Weekly Community Thread, Dean Koontz Edition ",MKola,17,4,-1,meta,2018-12-25
836,[1492] The Cats in 3B ,SomewhatSammie,9,15,1492,other,2018-12-24
837,[906] Rockland ,bluegreyjellybean,4,9,906,other,2018-12-24
838,[2692] The Trial (1 of 2) ,BlindLemon0,13,5,2692,other,2018-12-24
839,[2332] All the World Sings with You ,eturnip88,14,7,2332,other,2018-12-23
840,[2967] Four Pieces ,princesspetrichor,7,15,2967,other,2018-12-22
841,[3874] Countless Stars ,_jrox,10,7,3874,scifi,2018-12-22
842,[1533] Kigali Station  Chapter 1 ,TheMasochismTango99,13,7,1533,scifi,2018-12-21
843,[2921] Chapter 1 ,ty_xy,10,5,2921,other,2018-12-21
844,[973] Howl (working title) ,Khosatral,4,9,973,fantasy,2018-12-21
845,[605] Prologue ,OldDrunkenFool,11,10,605,fantasy,2018-12-21
846,[1486] Only the Dead can See the Devil ,sarcasonomicon,8,5,1486,other,2018-12-21
847,[4540] Mya  Chapter 1 (Revised) ,triptomine41,10,6,4540,fantasy,2018-12-21
848,[1569] Chapter One: Unexpected Itinerary ,Pretend_We,6,8,1569,other,2018-12-21
849,[1323] Chapter 1contemporary fantasyhumor ,rocklio,3,10,1323,other,2018-12-20
850,[2112] RulesScifi  romance ,StarSayo,4,4,2112,other,2018-12-20
851,[1795] Blue Heat ICrimeDrama ,Badmecha007,5,9,1795,other,2018-12-20
852,[333] Hunting for the Moon ,so_ya_know,7,4,333,other,2018-12-20
853,[2003] First chapter of epic fantasy ,videlkz,5,9,2003,fantasy,2018-12-19
854,[4141] Mya  Chapter 1 ,triptomine41,8,14,4141,other,2018-12-19
855,[3327] Synaptica: Voltage (Chapter III) ,nullescience,3,9,3327,cyberpunk,2018-12-19
856,[1461] The Underground CityPostApocalyptic ,Binca505,11,8,1461,other,2018-12-19
857,[3519] Prologue ,ty_xy,6,14,3519,other,2018-12-19
858,[4172] The Sun in Mars ,Khazar_Dictionary,5,6,4172,other,2018-12-19
859,"[Meta] Weekly Community Thread, My MC can beat up your MC ",MKola,22,37,-1,other,2018-12-18
860,[1234] Grand Canyon ,jumpingonpigeons,7,16,1234,other,2018-12-18
861,[2597] The Vicious Stars  Rewritten Prologue ,LordJorahk,10,18,2597,cyberpunk,2018-12-17
862,[2536] The Service Pistol ,TheMasochismTango99,1,5,2536,other,2018-12-18
863,[3724] Ten Unto None v1.1Fairy talepostapocalypse ,favouredzpv,10,11,3724,other,2018-12-17
864,[2525] One Who Walks with the Stars ,HugeOtter,8,6,2525,other,2018-12-16
865,[2502] As Time Flies ,TheMasochismTango99,13,4,2502,other,2018-12-16
866,[2426] Gods Going for a Stroll in a Wooden Overcoat ,Maeserk,10,6,2426,historical,2018-12-15
867,[2029] Schisms ,RBLightsey,4,3,2029,other,2018-12-15
868,[836] Tame ,GobbinsShewsbury,12,8,836,fantasy,2018-12-15
869,[2256] Greenfield Haven ,BLT_WITH_RANCH,11,3,2256,other,2018-12-15
870,[982] Holiday Dinner ,SpicyTripleMeats,10,5,982,other,2018-12-14
871,[798] Reunion ,nominomignome,6,6,798,play,2018-12-14
872,[602] Firmament ,WegeEntstehen,8,3,602,other,2018-12-13
873,[864] That LaughNonFiction ,imagine_magic,9,6,864,other,2018-12-13
874,[5760] Downriver ,IMAFLYINWALRUS,8,16,5760,other,2018-12-13
875,"[4292] Being Mutant: an XMen Universe Story. Chapter 1, take 3 ",dpfw,2,5,4292,other,2018-12-12
876,[5708] None That Moved a Wing ,greyjonesclub,16,42,5708,other,2018-12-11
877,[591] Toy Factory. ,kakarrott,11,5,591,other,2018-12-11
878,[3578] KAREN ,favouredzpv,10,18,3578,horror,2018-12-11
879,[5661] Namestealer ,Jraywang,11,10,5661,fantasy,2018-12-10
880,[3312] Stormheilm Part 2 Chapter 12SciFiFantasy ,Olmanjenkins,4,5,3312,other,2018-12-10
881,[] Weekly Community Comment Thread ,MKola,14,12,-1,meta,2018-12-10
882,[2526] The Vicious Stars  Prologue ,LordJorahk,4,8,2526,other,2018-12-10
883,[2306] Today I am 24 Years Old. ,CodeCB,4,14,2306,other,2018-12-09
884,[1862] Chalk Dust ,pencilmcwritey,10,11,1862,fantasy,2018-12-08
885,[5410] Down the End of the Moon Wing (Rewrite of Old Queen) ,disastersnorkel,12,29,5410,other,2018-12-06
886,[2341] Anthia ,deleted,7,21,2341,fantasy,2018-12-07
887,[1939] One Illuminating Instant (2) ,mcwhinns,8,7,1939,crime,2018-12-06
888,"[2236] The Four Horsemen, 2nd draft ",EverybodyHatesRaikou,5,6,2236,scifi,2018-12-06
889,[1029] Stormheilm SciFiFantasy 60k YA Novel ,Olmanjenkins,7,7,1029,other,2018-12-06
890,"[3009] Five Clover Leafs, Four Brutish Oafs... ",BenJHandy,8,9,3009,other,2018-12-05
891,[4570] Do Bad ,greyjonesclub,14,16,4570,other,2018-12-04
892,[2351] The Storm Prince 2.0 ,TZH85,10,9,2351,ya,2018-12-03
893,[1388] A Magical Lecture ,speculativejester,7,14,1388,fantasy,2018-12-03
894,[478] Eulogy to the Redline ,Aw0lManner,10,4,478,poetry,2018-12-03
895,[2259] Stealer of Names ,Jraywang,10,3,2259,fantasy,2018-12-02
896,[2230] Mars: Daniel ,nullescience,4,8,2230,other,2018-12-02
897,[1200] Chapter One   Fiction ,MiddleWriter,6,10,1200,other,2018-12-02
898,"[] Weekly Comment Thread, Do you even trope? ",MKola,3,21,-1,meta,2018-12-02
899,[644] Blue HeatCrimeThriller ,Badmecha007,6,9,644,other,2018-12-01
900,[1492] Ben Hardy ,hithere297,12,14,1492,contemporary,2018-12-01
901,[2519] Dragonbinder ,speculativejester,3,22,2519,fantasy,2018-11-30
902,[2372] Dreamscape ,Fivvy,10,17,2372,other,2018-11-29
903,[1497] Adventures of Da Ho Della ,Wetbikeboy2500,20,20,1497,other,2018-11-26
904,[1939] Trigger  Opening ChapterScienceFiction ,nihomi,4,6,1939,other,2018-11-27
